"char_name","variation","ability_1","ability_2","ability_3","rating"
"Baraka","Marauder","Gutted","Baraka Barrage",,"4"
"Baraka","Bone Picker","Blood Lunge","Spine Burst",,"4"
"Baraka","Berserker","Leg Kabob","Blade Charge","Baraka-Serker","3"
"Cassie Cage","Digital Soldier","(Air) Bullet Barrage","Kneecappin'","Flippin' Out","4"
"Cassie Cage","Yaas Queen","BLB-118 Energy Burst","Shoulder Charge",,"4"
"Cassie Cage","Sups OD","Flying Glow Kick","BLB-118 Advance","BLB-118 Energy Bounce","3"
"Cetrion","Force Of Nature","Earthquake","Delay Boulder Bash","Shattering Boulder","4"
"Cetrion","Spring Cleaning","Geyser","H2 P0rt",,"5"
"Cetrion","Born Again","Conflux Of Elements","Deadly Winds",,"4"
"Cetrion","Kustom Variation 1","Earthquake","H2 P0rt","Deadly Winds","5"
"DVorah","Buzzed","(Air) Ticking Time Bug","Strepsiptera","Parasite","3"
"DVorah","Arachnophobia","Widow's Kiss","Deadly Swarm",,"4"
"DVorah","Kreepy Krawler","(Air) Fly By","Bombardier Beetle","Flippin' Out","3"
"DVorah","Kustom Variation 1","Widow's Kiss","Strepsiptera",,"4"
"Erron Black","52 Kard Pickup","Enhanced Locked and Loaded","Outworld Gunslinger","Scud Shot","4"
"Erron Black","Barking Irons","Cattle Toss","TNT Toss","Enhanced Rattle Snake Slide","3"
"Erron Black","Locked n' Loaded","Netherbeast Trap","Acid Pour",,"3"
"Frost","Frost-Byte","Cryogenic Crown","Arctic Barrage",,"3"
"Frost","Ice Machine","Auger Lunge","Glacier Calving","Microburst","4"
"Frost","Arctic Anarchy","Ice Auger","Core Overload","(Air) Icequake","4"
"Fujin","Downburst","Divine Wind","Airsenal","Twister","4"
"Fujin","Kloud Walker","(Air) Wind Barrier","Sky Wakka","Warped Needle","4"
"Fujin","Cyclone","Wind Push","Air Slam","Deadly Winds","4"
"Fujin","Kustom Variation 1","Airsenal","Sky Wakka","Warped Needle","5"
"Geras","New Era","Stepping It Back","Sand Pillar",,"4"
"Geras","Infinite Warden","Quick Sand","Gauntlet Of The Ages","Bed Of Spikes","4"
"Geras","Eternal","Reverse Time","Sand Simulacrum",,"5"
"Jacqui Briggs","1st Round KO","Lethal Clinch","Cybernetic Override","Robo Grappler","4"
"Jacqui Briggs","Next Gen","Grenade Launcher","(Air) Dive Bomb","Tech-Dome","3"
"Jacqui Briggs","Upgraded","(Air) Ground Pound","Enhanced Air Blast","Bionic Bounce","5"
"Jacqui Briggs","Kustom Variation 1","Grenade Launcher","Enhanced Air Blast","Bionic Bounce","5"
"Jade","Emerald Defender","(Air) Razor-Rang","Upward Razor-Rang","Edenian Spark","4"
"Jade","Jaded","Pole Vault","Pole Vault Cancel","Amplify Blazing Nitro Kick","3"
"Jade","Untamable","Divine Forces","Vanishing Winds","Deadly Assassin","3"
"Jade","Kustom Variation 1","(Air) Razor-Rang","Delia's Dance","Deadly Assassin","4"
"Jax Briggs","Grinnin' Barrett","Duck And Weave","Briggs Barricade","Ripped","4"
"Jax Briggs","Hunker Down","Quad Grab","Burning Hammer","Expert Grappler","4"
"Jax Briggs","Ringer","Lethal Clap","Ground Shatter","Enhanced Outranked","4"
"Johnny Cage","Shock Jock","Mime Time","Brass Knuckles","Caged Rage","4"
"Johnny Cage","Show Stopper","Say Cheese","Throwing Shades",,"5"
"Johnny Cage","Outtake","Low Forceball","High Forceball","Rising Star","4"
"Johnny Cage","Kustom Variation 1","Pissed Off","Throwing Shades","Rising Star","5"
"The Joker","Clown Prince","Batsy-Poo Cancel","Batsy Pew Pew","Puppet Parry","3"
"The Joker","Ace Of Knaves","Jack In The Box","Jumping Jester",,"5"
"The Joker","Mad Man","KAPOW","Getting Lit",,"4"
"The Joker","Kustom Variation 1","KAPOW","Jumping Jester",,"5"
"Kabal","Mean Streak","Rolling Buzzsaw","(Air) Straight Buzzin'","Dash Cancel","3"
"Kabal","Clean Cut","Low Hook Grab","Nomad Spin","Extended Hook","4"
"Kabal","The Spins","Low Spinner","Hook Grab","Gas Blast","4"
"Kabal","Kustom Variation 1","(Air) Slight Gas","Gas Blast",,"4"
"Kabal","Kustom Variation 2","(Air) Slight Gas","Hook Grab",,"4"
"Kano","Ripper","Lumbar Check","Rack Off","Manhandled","4"
"Kano","Dirtbag","Vege-Mighty","Molotov Cocktail","Chemical Burn","4"
"Kano","Ratbag","Snake Bite","Optic Blast",,"4"
"Kano","Kustom Variation 1","Bio-Magnetic Pull","Lumbar Check","Chemical Burn","5"
"Kitana","Fan-Fare","(Air) Fan Flutter","Ground War","Royal Protection","4"
"Kitana","Highborn","Half-Blood Stance","Edenian Razors",,"3"
"Kitana","Fearless","Fan-Nado","Low Fan Toss","Edenian Twist","4"
"Kitana","Kustom Variation 1","Low Fan Toss","Edenian Twist","Ground War","4"
"Kitana","Kustom Variation 2","Low Fan Toss","Half-Blood Stance",,"4"
"Kollector","Back In The Pack","Up Demonic Mace","Demonic Clutch","Fade Out","4"
"Kollector","Spare Change","Bag Bomb","Vial Of Sorrow","Demonic Comet","3"
"Kollector","Squander","Relic Lure","War-Quoit Toss",,"4"
"Kotal Kahn","Ascension","Huehhueyi","God Ray","Kahn-Cut","4"
"Kotal Kahn","Totemic","Eztli Totem","Tecuani Maul","(Air) Tecuani Pounce","4"
"Kotal Kahn","Buluc","Grand Discus","Amocualli Totem","Teoyohtica Totem","4"
"Kung Lao","Lotus Fist","Orbiting Hat","Omega Hat",,"4"
"Kung Lao","Hat Tricks","Guided Hat","Z Hat","(Air) Teleport","4"
"Kung Lao","Order Of Light","Spiritual Guidance","Vortex",,"3"
"Liu Kang","Luohan Quan","Shaolin Stance","Low Fireball","Dragon Parry","5"
"Liu Kang","Wu Shi Legend","Energy Parry","Dragon Fire","Dragon's Gifts","4"
"Liu Kang","Dragon's Breath","Nunchaku Stance","Kusari Slam","Shaolin Vanish","4"
"Liu Kang","Kustom Variation 1","Low Fireball","Dragon Fire","Kusari Slam","5"
"Mileena","Tooth & Klaw","(Air) Soaring Sai","(Air) Tele-Drop","Low Sai Blast","3"
"Mileena","Twisted Sister","Kahnum Dash","Play Time","Stabyscotch","3"
"Mileena","Savage Instinct","Vanish","Rolling Thunder","Sai Slide","2"
"Mileena","Kustom Variation 1","Play Time","Stabyscotch","(Air) Tele-Drop","4"
"Nightwolf","Matoka Warrior","Rising Tomahawk","Spirit Of Kiba",,"4"
"Nightwolf","Ancestral Gift","Tomahawk Swing","Grappling Stalker","Moonlight Reflector","4"
"Nightwolf","Shaman","Spirit Tracks","Ancestral Hunter","Lightning Arrow","4"
"Noob Saibot","Seeing Double","Ghostball","(Air) Tele-Slam","Shadow Slide","4"
"Noob Saibot","Dark Sabbath","Spirit Ball","Shadow Portals","(Air) Sickle Port","4"
"Noob Saibot","Pitch Black","Sickle Snag","Sickle Toss","(Air) Shadow Dive","4"
"Raiden","Thunder Wave","Sparkport","Storm Cell",,"4"
"Raiden","Raijin","Electric Burst","Quick Charge","Electric Current","4"
"Raiden","Truth And Light","Jo Push","Lightning Rod",,"2"
"Rain","God Of Lightning","Quantum Slice","Quantum Rift","Edenian Force","2"
"Rain","Rain Of Terror","Riptide","Geyser Palm","Hydroplane","3"
"Rain","Perfect Storm","Water Ball","Tidal Wave",,"3"
"Rain","Kustom Variation 1","Hydro Boost","Geyser Palm","Riptide","4"
"Rambo","First Blood","Snare Trap","Leopard Krawl",,"3"
"Rambo","Outlaw","Hidden M60","Mace Trap","Claymore","2"
"Rambo","Drifter","Shoulder Roll","Commando","FUBAR","3"
"Rambo","Kustom Variation 1","Snare Trap","FUBAR",,"4"
"Rambo","Kustom Variation 2","Snare Trap","Commando",,"4"
"RoboCop","OCP's Finest","Active & Reactive Patrol","Terminal Strip","Upgraded","3"
"RoboCop","Prime Detective","Flamethrower","Low Auto-9","Arm Crowd Control Cannon","4"
"RoboCop","On Patrol","Cheval Trap","(Air) OCP Charge","Electric Shield","2"
"RoboCop","Kustom Variation 1","Cheval Trap","Terminal Strip","Low Auto-9","4"
"Scorpion","Reborn","Hell Port Cancel","(Air) Demon Slam",,"4"
"Scorpion","Searing Rage","Death Spin","Death Spear Kombo","Burning Spear","3"
"Scorpion","Burning Specter","Misery Blade","(Air) Sin Blade",,"3"
"Scorpion","Kustom Variation 1","Hell Port Cancel","Demon Dash",,"4"
"Shang Tsung","Warlock","Ground Eruption","Inferno Skull",,"4"
"Shang Tsung","Spellmaster","Screaming Soul","Soul Well","Scatter Souls","2"
"Shang Tsung","Soul Eater","Shapeshifter's Training",,,"3"
"Shao Kahn","True Kahn","Ridicule","Ground Shatter","Wrath Hammer","3"
"Shao Kahn","Risen Emperor","Annihilation","Up Wrath Hammer","Dark Priest","3"
"Shao Kahn","Realm Destroyer","Skewered","Spear Charge","Seeking Wrath Hammer","3"
"Sheeva","Smash And Grab","Enhanced Dragon Drop","Shokan Snag","Tremor","4"
"Sheeva","Deadly Dragon","Dragon Charge","Spinning Dragon",,"4"
"Sheeva","Mean Queen","Queen's Punishment","Death March","Battle Scars","4"
"Sheeva","Kustom Variation 1","Queen's Punishment","Death March","Dragon Stance","5"
"Sindel","Splitting Hairs","Hair Kut","Whip & Flip",,"4"
"Sindel","Loud And Klear","(Air) Deadly Echo","(Air) Banshee Dash","Maleficent March","3"
"Sindel","Royal Edenian","Low Star Screamer","(Air) Royal Trap","(Air) Banshee Barrage","4"
"Skarlet","Heart Pierce","Dagger Dance","Bloodport","Blood Ritual","3"
"Skarlet","Blood Drive","Blood Flow","Cell Siphon",,"4"
"Skarlet","Hemorrhage","Boiling Point","Krimson Shield",,"4"
"Sonya","No Holds Barred","(Air) Ops Drop","Krushing Kounters","(Air) Marching Orders","3"
"Sonya","Ring Master","Energy Rings Charge","(Air) Downward Energy Rings","K.A.T. Orbital Drop","4"
"Sonya","Ten-Hut","Summon K.A.T. Turret","Turret Trauma",,"3"
"Spawn","From Hell","Gun Blazing","Blaze Of Glory","(Air) Fallen Angel","2"
"Spawn","The One","Charging Hellspawn","(Air) Leetha Glide",,"4"
"Spawn","Hellspawn","Hell Chain","Raising Hell","Lethal Leetha Stance","4"
"Sub-Zero","Dead Of Winter","Deep Freeze","Cold Shoulder",,"4"
"Sub-Zero","Thin Ice","Frigid Storm","Death-Cicle Barrage","(Air) Polar Axe","3"
"Sub-Zero","Avalanche","Arctic Trap","Creeping Ice",,"4"
"Sub-Zero","Kustom Variation 1","Creeping Ice","Rising Ice","(Air) Polar Axe","5"
"The Terminator","Destroyer","Infiltrator Toss","Endo Lunge","Cyber Rift","2"
"The Terminator","Dark Fate","Albi Back Breaker","Death Grip","Running Man","4"
"The Terminator","Final Judgment","Rolling Ion Grenade","Incapacitator",,"3"
